"Designator","Footprint","Mid X","Mid Y","Ref X","Ref Y","Pad X","Pad Y","Layer","Rotation","Comment"
""
"C4","0402_CAP_HD","-17.55mm","17.45mm","-17.55mm","17.45mm","-17.1mm","17.45mm","B","180.00","12p"
"C5","0402_CAP_HD","-13.65mm","17.35mm","-13.65mm","17.35mm","-14.1mm","17.35mm","B","360.00","12p"
"C6","0402_CAP_HD","-17.55mm","16.55mm","-17.55mm","16.55mm","-18mm","16.55mm","B","360.00","100n"
"C7","0402_CAP_HD","-19.2mm","15.5mm","-19.2mm","15.5mm","-19.65mm","15.5mm","B","0.00","1u"
"C8","0402_CAP_HD","-10.9mm","15.7mm","-10.9mm","15.7mm","-10.9mm","16.15mm","B","270.00","100n"
"C9","0402_CAP_HD","-19.4mm","13.3mm","-19.4mm","13.3mm","-19.4mm","12.85mm","B","90.00","1u"
"L1","0402_HD","-19.05mm","14.6mm","-19.05mm","14.6mm","-19.5mm","14.6mm","B","0.00","15nH HK100515NJ-T"
"L2","0603_HD","-20.4499mm","13.9mm","-20.4499mm","13.9001mm","-20.4499mm","14.6mm","B","270.00","10uH LBMF1608T100K"
"X1","CRYSTAL_NDK_NX1610SA","-15.6mm","17.35mm","-15.6mm","17.35mm","-16.2mm","17.35mm","B","360.00","32.768kHz NX1610SA"
"R20","0402_RES_HD","-11.95mm","16.6mm","-11.95mm","16.6mm","-11.95mm","16.15mm","B","90.00","100k"
"C12","0402_CAP_HD","-17.8mm","8.05mm","-17.8mm","8.05mm","-17.8mm","7.6mm","B","90.00","12p"
"X2","XTAL_2016","-19.25mm","8.3mm","-19.25mm","8.3mm","-19.75mm","7.625mm","B","90.00","32MHz XRCGB32M"
"U9","SOT23-5","-17.6536mm","23.0964mm","-17.6535mm","23.0965mm","-15.9919mm","22.7782mm","B","225.00","?TCR3UF33A,LM(CT"
"U8","BQ24210","-15.1983mm","25.5548mm","-15.1983mm","25.5548mm","-13.7841mm","25.5548mm","B","135.00","BQ24210"
"U7","74LV4051BQ","-6.55mm","3.55mm","-6.55mm","3.55mm","-4.8mm","3.3mm","B","180.00","74LV4051BQ"
"U6","74LV4051BQ","-6.55mm","12.35mm","-6.55mm","12.35mm","-4.8mm","12.1mm","B","180.00","74LV4051BQ"
"U5","74LV4051BQ","-9.246mm","27.5507mm","-9.246mm","27.5507mm","-7.8317mm","28.6114mm","B","225.00","74LV4051BQ"
"U4","74LV4051BQ","-13.1502mm","31.4502mm","-13.1502mm","31.4502mm","-11.736mm","32.5109mm","B","225.00","74LV4051BQ"
"U3","74LV4051BQ","-17.0239mm","35.3287mm","-17.0239mm","35.3287mm","-15.6097mm","36.3894mm","B","225.00","74LV4051BQ"
"U2","NRF52832-QFAA","-14.65mm","12.45mm","-14.65mm","12.45mm","-16.85mm","15.35mm","B","270.00","NRF52832-QFAA"
"U1","LSM6DSM","-8.45mm","16.65mm","-8.45mm","16.65mm","-7.7mm","15.5mm","B","90.00","LSM6DSM"
"R62","0402_RES_HD","-17.7086mm","26.7923mm","-17.7086mm","26.7923mm","-18.0267mm","27.1105mm","B","315.00","100k"
"R61","0402_RES_HD","-17.0722mm","27.4287mm","-17.0722mm","27.4287mm","-17.3904mm","27.7469mm","B","315.00","100k"
"R60","0402_RES_HD","-14.5266mm","22.9032mm","-14.5266mm","22.9032mm","-14.2084mm","22.585mm","B","135.00","NCU15XH103F60RC"
"R59","0402_RES_HD","-13.8902mm","23.5396mm","-13.8902mm","23.5396mm","-14.2084mm","23.8578mm","B","315.00","22k"
"R58","0402_RES_HD","-16.1687mm","20.9044mm","-16.1686mm","20.9044mm","-16.4869mm","20.5862mm","B","45.00","DNF"
"R57","0402_RES_HD","-15.5323mm","20.268mm","-15.5322mm","20.268mm","-15.8505mm","19.9499mm","B","45.00","100k"
"R56","0402_RES_HD","-13.1831mm","24.2467mm","-13.1831mm","24.2467mm","-13.5013mm","24.5649mm","B","315.00","5.1k"
"R55","0402_RES_HD","-2.6368mm","5.5982mm","-2.6368mm","5.5982mm","-2.955mm","5.2801mm","B","45.00","5.1k"
"R54","0603_RES_HD","-5.6001mm","23.5001mm","-5.6mm","23.5001mm","-4.9001mm","23.5001mm","B","180.00","10R"
"R51","0402_RES_HD","-5.3501mm","0.95mm","-5.3501mm","0.9499mm","-5.8mm","0.95mm","B","360.00","DNF"
"R50","0402_RES_HD","-5.35mm","9.75mm","-5.35mm","9.75mm","-5.8mm","9.7501mm","B","360.00","DNF"
"R49","0402_RES_HD","-6.559mm","26.5607mm","-6.559mm","26.5607mm","-6.8772mm","26.2425mm","B","45.00","10k"
"R48","0402_RES_HD","-10.4632mm","30.4603mm","-10.4632mm","30.4603mm","-10.7814mm","30.1421mm","B","45.00","10k"
"R47","0402_RES_HD","-14.363mm","34.3601mm","-14.363mm","34.3601mm","-14.6812mm","34.0419mm","B","45.00","10k"
"R46","0402_RES_HD","-5.8499mm","19.2501mm","-5.8499mm","19.2501mm","-5.3999mm","19.2501mm","B","180.00","1M"
"R45","0402_RES_HD","-11.9mm","7.85mm","-11.9mm","7.85mm","-11.9mm","8.3mm","B","270.00","100k"
"R44","0402_RES_HD","-11.1162mm","24.4971mm","-11.1162mm","24.4971mm","-11.4344mm","24.1789mm","B","45.00","100k"
"R43","0402_RES_HD","-11.7526mm","22.7293mm","-11.7526mm","22.7293mm","-12.0708mm","22.4111mm","B","45.00","100k"
"R42","0402_RES_HD","-9.207mm","19.618mm","-9.207mm","19.618mm","-9.5252mm","19.2998mm","B","45.00","100k"
"R41","0402_RES_HD","-9.8434mm","23.2243mm","-9.8434mm","23.2243mm","-10.1616mm","22.9061mm","B","45.00","100k"
"R40","0402_RES_HD","-5.95mm","16.65mm","-5.95mm","16.65mm","-6.4mm","16.65mm","B","360.00","2.1k"
"R39","0402_RES_HD","-5.95mm","15.7501mm","-5.95mm","15.7501mm","-6.4mm","15.7501mm","B","360.00","2.1k"
"R38","0402_RES_HD","-2.6382mm","1.7869mm","-2.6382mm","1.7868mm","-2.9564mm","1.4687mm","B","45.00","100R"
"R37","0402_RES_HD","-2.6382mm","3.0569mm","-2.6382mm","3.0568mm","-2.9564mm","2.7387mm","B","45.00","100R"
"R36","0402_RES_HD","-2.6382mm","4.3269mm","-2.6382mm","4.3268mm","-2.9564mm","4.0087mm","B","45.00","100R"
"R35","0402_RES_HD","-2.6382mm","8.1369mm","-2.6382mm","8.1368mm","-2.9564mm","7.8187mm","B","45.00","100R"
"R34","0402_RES_HD","-2.6382mm","9.4069mm","-2.6382mm","9.4068mm","-2.9564mm","9.0887mm","B","45.00","100R"
"R33","0402_RES_HD","-2.6382mm","10.6769mm","-2.6382mm","10.6768mm","-2.9564mm","10.3587mm","B","45.00","100R"
"R32","0402_RES_HD","-2.6382mm","11.9469mm","-2.6382mm","11.9468mm","-2.9564mm","11.6287mm","B","45.00","100R"
"R31","0402_RES_HD","-2.6382mm","13.2169mm","-2.6382mm","13.2168mm","-2.9564mm","12.8987mm","B","45.00","100R"
"R30","0402_RES_HD","-2.6382mm","14.4869mm","-2.6382mm","14.4868mm","-2.9564mm","14.1687mm","B","45.00","100R"
"R29","0402_RES_HD","-2.6382mm","15.7569mm","-2.6382mm","15.7568mm","-2.9564mm","15.4387mm","B","45.00","100R"
"R28","0402_RES_HD","-2.6382mm","17.0269mm","-2.6382mm","17.0268mm","-2.9564mm","16.7087mm","B","45.00","100R"
"R27","0402_RES_HD","-2.6382mm","18.2969mm","-2.6382mm","18.2968mm","-2.9564mm","17.9787mm","B","45.00","100R"
"R26","0402_RES_HD","-2.6382mm","19.5669mm","-2.6382mm","19.5668mm","-2.9564mm","19.2487mm","B","45.00","100R"
"R25","0402_RES_HD","-2.6382mm","20.8369mm","-2.6382mm","20.8368mm","-2.9564mm","20.5187mm","B","45.00","100R"
"R24","0402_RES_HD","-2.6382mm","22.1069mm","-2.6382mm","22.1068mm","-2.9564mm","21.7887mm","B","45.00","100R"
"R23","0402_RES_HD","-2.6382mm","23.3769mm","-2.6382mm","23.3768mm","-2.9564mm","23.0587mm","B","45.00","100R"
"R22","0402_RES_HD","-2.6382mm","24.6469mm","-2.6382mm","24.6468mm","-2.9564mm","24.3287mm","B","45.00","100R"
"R21","0402_RES_HD","-2.6382mm","25.9169mm","-2.6382mm","25.9168mm","-2.9564mm","25.5987mm","B","45.00","100R"
"R19","0402_RES_HD","-3.4775mm","26.8316mm","-3.4775mm","26.8315mm","-3.9275mm","26.8316mm","B","360.00","100R"
"R18","0402_RES_HD","-3.8756mm","27.7296mm","-3.8756mm","27.7296mm","-4.3255mm","27.7296mm","B","360.00","100R"
"R17","0402_RES_HD","-4.7736mm","28.6276mm","-4.7736mm","28.6276mm","-5.2236mm","28.6276mm","B","360.00","100R"
"R16","0402_RES_HD","-5.6716mm","29.5256mm","-5.6716mm","29.5256mm","-6.1216mm","29.5256mm","B","360.00","100R"
"R15","0402_RES_HD","-6.5696mm","30.4237mm","-6.5696mm","30.4236mm","-7.0196mm","30.4237mm","B","360.00","100R"
"R14","0402_RES_HD","-7.4677mm","31.3217mm","-7.4677mm","31.3217mm","-7.9177mm","31.3217mm","B","360.00","100R"
"R13","0402_RES_HD","-8.3657mm","32.2197mm","-8.3657mm","32.2197mm","-8.8157mm","32.2197mm","B","360.00","100R"
"R12","0402_RES_HD","-9.2637mm","33.1178mm","-9.2637mm","33.1177mm","-9.7137mm","33.1178mm","B","360.00","100R"
"R11","0402_RES_HD","-10.6098mm","34.4637mm","-10.6098mm","34.4637mm","-10.6098mm","34.0138mm","B","90.00","100R"
"R10","0402_RES_HD","-11.5079mm","35.3618mm","-11.5078mm","35.3618mm","-11.5079mm","34.9118mm","B","90.00","100R"
"R9","0402_RES_HD","-12.4059mm","36.2598mm","-12.4059mm","36.2598mm","-12.4059mm","35.8098mm","B","90.00","100R"
"R8","0402_RES_HD","-13.3039mm","37.1578mm","-13.3039mm","37.1578mm","-13.3039mm","36.7078mm","B","90.00","100R"
"R7","0402_RES_HD","-14.202mm","38.0558mm","-14.2019mm","38.0558mm","-14.202mm","37.6059mm","B","90.00","100R"
"R6","0402_RES_HD","-15.1mm","38.9539mm","-15.0999mm","38.9539mm","-15.1mm","38.5039mm","B","90.00","100R"
"R5","0402_RES_HD","-15.998mm","39.8519mm","-15.998mm","39.8519mm","-15.998mm","39.4019mm","B","90.00","100R"
"R4","0402_RES_HD","-16.896mm","40.7499mm","-16.896mm","40.7499mm","-16.896mm","40.2999mm","B","90.00","100R"
"R3","0402_RES_HD","-17.7941mm","41.648mm","-17.794mm","41.648mm","-17.7941mm","41.198mm","B","90.00","100R"
"R2","0402_RES_HD","-18.6921mm","42.546mm","-18.6921mm","42.546mm","-18.6921mm","42.096mm","B","90.00","100R"
"R1","0402_RES_HD","-19.5901mm","43.444mm","-19.5901mm","43.444mm","-19.5901mm","42.994mm","B","90.00","100R"
"Q3","SOT323","-5.5999mm","21.2501mm","-5.5999mm","21.2501mm","-4.9499mm","20.3501mm","B","180.00","RU1C002ZP"
"Q2","SOT323","-10.563mm","20.6131mm","-10.7928mm","20.8429mm","-9.6968mm","20.6661mm","B","225.00","DMP2110UW"
"Q1","SOT323","-8.659mm","22.0399mm","-8.4292mm","21.8101mm","-9.5252mm","21.9868mm","B","45.00","BSS816NW"
"L3","0402_HD","-14.85mm","7.05mm","-14.85mm","7.05mm","-14.5607mm","7.3947mm","B","230.00","3.9nH LQP15MN3N9B02D"
"J4","BAT_CONN","-18.5571mm","28.8429mm","-18.5571mm","28.8429mm","-17.85mm","29.55mm","B","135.00","BAT_CONN"
"J3","RF_CONN","-10.7mm","1.25mm","-10.7mm","1.25mm","-9.7mm","1.25mm","B","90.00","RF_CONN"
"J2","IO_CONN","-1.25mm","13.535mm","-1.25mm","13.535mm","-1.25mm","25.6mm","T","360.00","IO_CONN"
"J1","IO_CONN","-10.5968mm","36.5968mm","-10.5968mm","36.5968mm","-19.128mm","45.128mm","T","45.00","IO_CONN"
"F1","0603_FUSE","-16.2238mm","29.8329mm","-16.2238mm","29.8329mm","-16.7188mm","30.3279mm","B","315.00","200mA"
"D2","SOD-323","-9.7mm","7.8mm","-9.7mm","7.8mm","-9.7mm","8.95mm","B","270.00","MM3Z5V1T1G"
"D1","SOD-323","-9.7mm","4.25mm","-9.7mm","4.25mm","-9.7mm","3.1mm","B","90.00","CUS08F30,H3F"
"C43","0603_CAP_HD","-14.456mm","28.0651mm","-14.4559mm","28.065mm","-13.961mm","27.5701mm","B","135.00","4.7u"
"C42","0805_CAP","-7.95mm","7.6mm","-7.95mm","7.6mm","-7.95mm","8.55mm","B","270.00","100u"
"C40","0805_CAP","-6.15mm","7.6mm","-6.15mm","7.6mm","-6.15mm","8.55mm","B","270.00","100u"
"C39","0603_CAP_HD","-19.4213mm","25.2177mm","-19.4213mm","25.2177mm","-19.9163mm","24.7228mm","B","45.00","4.7u"
"C38","0805_CAP","-12.1mm","5.15mm","-12.1mm","5.15mm","-13.05mm","5.15mm","B","360.00","DNF"
"C37","0805_CAP","-12.1mm","3.35mm","-12.1mm","3.35mm","-13.05mm","3.35mm","B","360.00","33n C0G"
"C35","0603_CAP_HD","-14.4362mm","21.2227mm","-14.4362mm","21.2226mm","-13.9413mm","20.7277mm","B","135.00","4.7u"
"C34","0603_CAP_HD","-12.6881mm","26.2972mm","-12.6882mm","26.2973mm","-13.1831mm","26.7922mm","B","315.00","4.7u"
"C28","0402_CAP_HD","-4.05mm","4.8mm","-4.05mm","4.8mm","-4.05mm","5.25mm","B","270.00","100n"
"C27","0402_CAP_HD","-4.0499mm","13.6mm","-4.05mm","13.6mm","-4.0499mm","14.05mm","B","270.00","100n"
"C26","0402_CAP_HD","-8.362mm","30.2024mm","-8.3621mm","30.2024mm","-8.6802mm","30.5206mm","B","315.00","100n"
"C25","0402_CAP_HD","-12.2663mm","34.1019mm","-12.2663mm","34.1019mm","-12.5845mm","34.4201mm","B","315.00","100n"
"C24","0402_CAP_HD","-16.1661mm","38.0017mm","-16.1661mm","38.0016mm","-16.4843mm","38.3199mm","B","315.00","100n"
"C23","0402_CAP_HD","-7mm","0.95mm","-7mm","0.95mm","-6.55mm","0.95mm","B","180.00","DNF"
"C22","0402_CAP_HD","-7mm","9.75mm","-7mm","9.75mm","-6.55mm","9.75mm","B","180.00","DNF"
"C21","0402_CAP_HD","-7.7257mm","25.394mm","-7.7257mm","25.3941mm","-7.4075mm","25.7122mm","B","225.00","10n"
"C20","0402_CAP_HD","-11.6299mm","29.2935mm","-11.6299mm","29.2935mm","-11.3117mm","29.6117mm","B","225.00","10n"
"C19","0402_CAP_HD","-15.5297mm","33.1933mm","-15.5297mm","33.1933mm","-15.2115mm","33.5115mm","B","225.00","10n"
"C18","0402_CAP_HD","-2.6382mm","6.8669mm","-2.6382mm","6.8668mm","-2.9564mm","6.5487mm","B","45.00","DNF"
"C16","0402_CAP_HD","-16.15mm","6.25mm","-16.15mm","6.25mm","-16.5397mm","6.475mm","B","330.00","DNF"
"C15","0402_CAP_HD","-14.7mm","8.35mm","-14.7mm","8.35mm","-15.15mm","8.35mm","B","0.00","1.5p"
"C13","0402_CAP_HD","-16mm","7.8mm","-16mm","7.8mm","-16mm","7.35mm","B","90.00","100p"
"C11","0402_CAP_HD","-19.8mm","9.95mm","-19.8mm","9.95mm","-20.25mm","9.95mm","B","360.00","12p"
"C10","0402_CAP_HD","-19.4mm","11.3001mm","-19.4001mm","11.3001mm","-19.4mm","11.75mm","B","270.00","100n"
"C3","0402_CAP_HD","-12.8mm","7.85mm","-12.8mm","7.85mm","-12.8mm","7.4mm","B","90.00","100n"
"C2","0402_CAP_HD","-10.4798mm","23.8607mm","-10.4798mm","23.8607mm","-10.798mm","23.5425mm","B","45.00","100n"
"C1","0402_CAP_HD","-5.95mm","17.55mm","-5.95mm","17.55mm","-5.5001mm","17.55mm","B","180.00","100n"
"ANT1","RFANT3216120A5T","-17.45mm","3.6mm","-17.45mm","3.6mm","-16.675mm","4.9423mm","B","150.00","AMCA31-2R450G-S1F-T3"

